"19:36:10"	"WS CONNECTED"	""
"19:36:10"	"config/info"	"{"task_name": "旅行规划", "task_req": "我想要与我的朋友想要前往南京分别参加一个展会，在展会时间外我们也想到一同在南京进行观光，旅行时间是9月10日-9月12日共3天，我需要根据自己与朋友的喜好，考虑时间安排、交通、餐饮、住宿、预算等重要的因素，制定平衡合理的行程安排。\n\n 我选择：金陵动漫展 时间：9月10日 14:00 - 20:00 地点：南京国际展览中心\n 我的朋友选择：南京艺术博览会 时间：9月10日 13:00 - 20:00 地点：南京文化艺术中心", "agent_list": [{"name": "Assistant", "avatar": "😉", "system_message": "You are a helpful Assistant, ready to fulfill the user's requests and provide assistance as needed.", "chinese_name": "小助手"}], "step_list": []}"
"19:36:12"	"process/start_plan"	""{}""
"19:36:12"	"WS DISCONNECTED"	""
"19:36:45"	"WS CONNECTED"	""
"19:36:45"	"config/info"	"{"task_name": "旅行规划", "task_req": "我想要与我的朋友想要前往南京分别参加一个展会，在展会时间外我们也想到一同在南京进行观光，旅行时间是9月10日-9月12日共3天，我需要根据自己与朋友的喜好，考虑时间安排、交通、餐饮、住宿、预算等重要的因素，制定平衡合理的行程安排。\n\n 我选择：金陵动漫展 时间：9月10日 14:00 - 20:00 地点：南京国际展览中心\n 我的朋友选择：南京艺术博览会 时间：9月10日 13:00 - 20:00 地点：南京文化艺术中心", "agent_list": [{"name": "Assistant", "avatar": "😉", "system_message": "You are a helpful Assistant, ready to fulfill the user's requests and provide assistance as needed.", "chinese_name": "小助手"}], "step_list": []}"
"19:36:47"	"process/start_plan"	""{}""
"19:37:09"	"agent/prepare_whiteboard"	"{"agent_name": "Assistant"}"
"19:37:09"	"agent/req_ans"	"{"from": "Assistant"}"
"19:37:19"	"agent/talk"	"{"from": "Assistant", "to": "User", "chat": "What are some suggestions for my trip to Nanjing?"}"
"19:37:19"	"solution/panel/update"	"{"solution": "### 行程安排建议\n\n#### 9月10日（星期日）：\n- **上午**：\n  - **10:00 - 12:00**：抵达南京，入住酒店。根据到达时间，可以选择酒店附近的餐厅用午餐。\n\n- **中午**：\n  - **12:30 - 13:00**：前往朋友的展会地点—南京文化艺术中心。\n\n- **下午**：\n  - **13:00 - 14:00**：陪同朋友简要参观南京艺术博览会。\n  - **14:00 - 20:00**：你参加金陵动漫展。\n  - **选择交通工具**：建议使用打车软件或地铁，因为南京的地铁系统很便捷。\n\n- **晚上**：\n  - **20:30 - 21:30**：结束展会后，可以选择在夫子庙地区享用晚餐，并欣赏秦淮河夜景。\n\n#### 9月11日（星期一）：\n- **上午**：\n  - **09:00 - 12:00**：参观南京博物院。\n\n- **中午/下午**：\n  - **12:30 - 14:00**：在新街口地区用午餐。\n  - **14:30 - 17:30**：游览中山陵。\n\n- **晚上**：\n  - **18:00 - 19:00**：晚餐。\n  - **19:30 - 晚上**：在玄武湖公园散步或骑行，享受轻松的夜晚。\n\n#### 9月12日（星期二）：\n- **上午**：\n  - **09:00 - 11:00**：前往明孝陵参观。\n\n- **中午**：\n  - **11:30 - 13:00**：在南京大排档或其他特色餐厅享用午饭。\n\n- **下午**：\n  - **13:30 - 15:30**：乘船游览南京长江。\n\n- **结束行程**：前往南京站或南京南站返回。\n\n---\n\n### 预算建议\n- **住宿**：费用可能在500 - 1000元/晚，根据地理位置和酒店星级。\n- **餐饮**：每餐估算在50 - 100元/人。\n- **景区门票**：博物院通常免费，但中山陵和明孝陵可能需要支付小额门票费用。\n- **交通**：地铁费用每程5元以内，打车视出行距离差异较大，20至60元。\n\n### 注意事项\n- 提前预订酒店。\n- 查询展会及景点开放时间。\n- 出行前查看天气预报，适当准备雨具或防晒措施。", "agent_name": "Assistant"}"
"19:40:59"	"user/talk"	"{"targetAgent": "Assistant", "content": "我还想到东南大学转一转"}"
"19:41:14"	"agent/prepare_whiteboard"	"{"agent_name": "Assistant"}"
"19:41:14"	"agent/req_ans"	"{"from": "Assistant"}"
"19:41:18"	"agent/talk"	"{"from": "Assistant", "to": "User", "chat": "Can I add a visit to Southeast University to my itinerary?"}"
"19:41:18"	"solution/panel/update"	"{"solution": "当然可以！东南大学是一所著名的高校，其校园内不仅充满了学术气息，还有许多美丽的建筑和风景。\n\n### 行程调整建议\n\n可能可以在行程的某个时段或结束部分添加这次校园游览，例如：\n\n#### 9月11日（星期一）：\n- **下午**\n  - **17:30 - 18:30**：从中山陵前往东南大学（四牌楼校区），自由漫步，欣赏校内建筑和校园风光。\n\n- **晚上**\n  - 如前述，可以接下来在附近区域用晚餐，继续夜间活动。\n\n#### 或者在9月12日（星期二）**上午**进行此计划：\n- **09:00 - 11:00**：访问东南大学，之后再前往明孝陵。\n\n### 校园游览建议\n- **建筑探索**：东南大学四牌楼校区有多处历史建筑，例如：在二院、图书馆等地方拍照留念很好。\n- **周边美食**：可尝试学校附近的小吃，体验当地学生的日常生活。\n\n这样你可以兼顾学术氛围与文化历史，让旅行更加充实有趣。", "agent_name": "Assistant"}"
"19:52:45"	"WS DISCONNECTED"	""
